Reporting Period,County Name,Average Wait Time All Languages,Average Wait Time Arabic,Average Wait Time Armenian,Average Wait Time Cambodian,Average Wait Time Chinese,Average Wait Time English,Average Wait Time Farsi,Average Wait Time Filipino,Average Wait Time Hindi,Average Wait Time Hmong,Average Wait Time Japanese,Average Wait Time Korean,Average Wait Time Laotian,Average Wait Time Mien,Average Wait Time Punjabi,Average Wait Time Russian,Average Wait Time Spanish,Average Wait Time Thai,Average Wait Time Ukrainian,Average Wait Time Vietnamese,Average Wait Time Other,Footnotes
Jan-26,Alameda,0:25:24,0:30:58,,0:12:19,0:24:08,0:25:43,0:09:28,0:18:02,,,,0:20:38,,,,0:29:32,0:24:11,,,0:26:07,,"[C, D,G, K]"
Jan-26,Butte,0:41:35,,,,,0:44:00,,,,,,,,,,,0:12:35,,,,,"[D, K]"
Jan-26,Contra Costa,1:00:27,1:11:09,,,1:00:13,0:54:59,0:28:27,0:51:18,,,,1:03:33,,,,0:50:23,1:13:51,,,0:57:53,1:13:26,"[C, D,G, K]"
Jan-26,Fresno,0:38:41,0:27:18,0:35:27,,0:43:05,0:37:24,,0:06:32,,0:33:44,,,0:28:33,,,0:51:56,0:42:53,,,0:34:00,0:36:03,"[D, K, L]"
Jan-26,Humboldt,2:45:12,,,,0:17:21,2:47:04,,1:15:01,,,,,,,,,1:25:55,,,0:26:53,,"[C, D, G, K, L, N, P]"
Jan-26,Kern,1:04:55,,0:44:12,0:00:02,,1:02:41,,,,,,,,,,,1:10:02,,,,,"D, K"
Jan-26,Kings,0:22:37,0:29:35,,,,0:21:32,,,,,,,,,,0:28:03,0:25:46,,,0:01:06,,"D, K"
Jan-26,Los Angeles,0:50:59,,0:53:30,0:56:04,0:56:10,0:33:11,1:01:19,0:55:17,,,,0:58:09,,,,1:04:03,0:35:09,,,0:54:17,,"[B, D, G, K, L, P]"
Jan-26,Marin,0:14:52,,,,0:02:17,0:14:37,,,,,,,,,,,0:15:34,,,,,"[D, K]"
Jan-26,Merced,0:03:54,,,,,0:03:45,,,,,,,,,,,0:04:08,,,,,"[D, K]"
Jan-26,Monterey,1:09:29,,,,0:34:21,1:08:53,0:00:11,,,,,,,,,0:43:57,1:10:16,,,,,"[D, G, K, L]"
Jan-26,Napa,0:05:48,,,,,0:05:51,,,,,,,,,,,0:05:41,,,,,"[C, D, G, P]"
Jan-26,Orange,1:16:51,0:54:47,,1:50:01,0:28:44,1:15:57,0:08:34,0:23:39,,,,0:36:19,,,,0:44:35,1:25:56,,,0:38:55,0:06:39,"[D, G, K, L]"
Jan-26,Placer,0:26:47,0:56:48,,,,0:26:19,0:25:26,1:05:24,,,,,,,,0:39:01,0:29:57,,,,0:19:14,"[D, K]"
Jan-26,Riverside,0:00:30,0:00:02,,,0:00:03,0:00:09,,0:05:14,,,,,,,,,0:01:18,,,0:00:03,,"[D, K]"
Jan-26,Sacramento,1:31:50,1:40:07,1:00:06,0:03:25,1:41:19,1:35:44,1:14:35,1:13:07,,1:48:15,,1:43:20,1:36:11,,,0:30:37,1:31:40,,,1:34:14,,"[B, C, D, G, K, L]"
Jan-26,San Bernardino,0:35:33,0:34:53,,,0:34:34,0:35:00,,0:01:10,,,,0:27:51,,,,0:39:28,0:38:34,,,0:30:43,,"[B, D, G, K]"
Jan-26,San Diego,0:01:57,,,,,0:02:03,,,,,,,,,,,0:01:42,,,,,"[C, K]"
Jan-26,San Francisco,0:02:12,0:01:37,,0:00:36,0:01:43,0:02:11,,0:04:44,,,,,,,,0:04:13,0:02:27,,,0:04:10,0:02:01,"[D, K]"
Jan-26,San Joaquin,0:00:50,,,,,0:00:31,,0:00:21,,,,,,,,,0:01:49,,,,,"[D, K]"
Jan-26,San Luis Obispo,0:03:04,,,,,0:02:46,,,,,,,,,,,0:04:18,,,,,"[C, D, K]"
Jan-26,San Mateo,0:46:03,1:01:56,,,0:38:32,0:46:54,0:09:45,0:35:48,,,,1:21:53,,,,0:44:35,0:45:14,,,0:20:14,0:42:59,"[D, G, K, L]"
Jan-26,Santa Barbara,1:09:04,,,,0:14:41,1:04:11,,,,,,0:00:10,,,,,1:14:57,,,0:08:12,,"[D, G, K, L]"
Jan-26,Santa Clara,0:12:37,0:06:53,,0:00:19,0:11:43,0:12:39,0:07:16,0:08:43,,,,0:14:26,,,,0:11:27,0:12:33,,,0:13:09,0:00:53,"[D, G, H, K]"
Jan-26,Santa Cruz,0:40:40,,,,0:28:36,0:40:36,,,,,,,,,,,0:40:54,,,,,"[B, C, D, G, H, K, P]"
Jan-26,Shasta,1:13:46,,,,0:40:30,1:14:07,,,,,,,,,,,1:01:41,,,,,"[D, K]"
Jan-26,Solano,0:32:55,,,0:05:09,0:49:35,0:29:51,,0:13:30,,,,0:08:18,,,,1:22:02,0:45:15,,,0:35:14,0:31:28,"[C, D, G, K, L, P]"
Jan-26,Sonoma,0:17:16,,,,,0:15:10,0:11:22,0:10:39,,,,,,,,0:09:19,0:22:12,,,0:15:22,0:12:16,[L]
Jan-26,Stanislaus,0:51:42,,,,0:36:55,0:52:00,0:01:51,,,,,,,,,0:39:54,0:50:54,,,1:17:36,,"[B, G, H, K, L]"
Jan-26,Sutter,0:20:04,,,,,0:21:00,,,,,,,,,,,0:16:01,,,,,"[B, D, K, L]"
Jan-26,Tulare,2:18:18,,,,1:59:14,2:47:53,,,,,,,,,,,1:01:40,,,0:42:20,,"[C, D, G, H, K, L]"
Jan-26,Ventura,0:46:49,,0:39:07,,0:48:29,0:39:32,0:01:57,0:05:00,,,,0:06:54,,,,0:29:42,1:00:00,,,0:45:39,,"[C, D, G, K]"
Jan-26,Yolo,0:24:20,,,,0:14:22,0:24:01,0:09:06,,,,,,,,,0:27:35,0:26:11,,,,,"[C, K, L]"
Jan-26,Yuba,0:36:09,,,,0:08:50,0:35:45,,,,,,,,,,,0:38:04,,,,,"[D, K]"
Feb-26,Alameda,0:23:44,0:25:53,0:21:46,0:13:51,0:20:43,0:24:00,0:16:54,0:24:26,,,,0:23:20,,,,0:14:27,0:23:06,,,0:19:50,1:01:28,"[C, D,G, K]"
Feb-26,Butte,0:33:25,,,,,0:35:15,,,,1:02:10,,,,,,,0:10:24,,,,,"[D, K]"
Feb-26,Contra Costa,0:56:26,1:11:32,,0:28:41,0:49:41,0:51:26,0:29:46,0:49:51,,,,0:39:12,,,,0:56:30,1:09:16,,,0:51:37,0:49:17,"[C, D,G, K]"
Feb-26,Fresno,0:36:25,0:32:21,0:45:35,,0:47:13,0:35:02,0:00:01,,,0:27:22,,,,,,0:31:13,0:40:59,,,0:21:05,,"[D, K, L]"
Feb-26,Humboldt,0:50:52,,,,0:03:49,0:50:36,,,,,,,,,,0:08:33,1:02:19,,,,,"[C, D, G, K, L, N, P]"
Feb-26,Kern,1:03:47,,,,,1:02:39,,,,,,,,,,,1:06:14,,,0:00:13,,"D, K"
Feb-26,Kings,0:21:21,0:16:09,,,,0:20:40,,,,,,,,,,,0:23:08,,,,,"D, K"
Feb-26,Los Angeles,0:52:00,,0:53:13,0:59:39,0:57:57,0:31:33,0:51:07,1:02:24,,,,1:02:38,,,,0:58:46,0:33:31,,,1:09:07,,"[B, D, G, K, L, P]"
Feb-26,Marin,0:11:23,,,,0:04:49,0:11:09,,,,,,,,,,0:10:52,0:11:55,,,0:03:41,,"[D, K]"
Feb-26,Merced,0:00:46,,,,,0:00:53,,,,,,,,,,0:00:04,0:00:14,,,,,"[D, K]"
Feb-26,Monterey,0:55:34,,,,0:47:35,0:54:51,,0:13:24,,,,,,,,0:16:39,0:56:29,,,,,"[D, G, K, L]"
Feb-26,Napa,0:04:33,,,,,0:04:36,,,,,,,,,,,0:04:27,,,,,"[C, D, G, P]"
Feb-26,Orange,1:41:36,0:27:39,,,0:56:20,1:38:54,0:07:43,1:26:08,,,,0:55:58,,,,1:24:34,1:54:49,,,0:43:09,,"[D, G, K, L]"
Feb-26,Placer,0:16:54,,,,0:34:15,0:16:19,0:30:31,,,,,,,,,0:25:21,0:22:38,,,,,"[D, K]"
Feb-26,Riverside,0:00:15,0:00:03,,,0:00:05,0:00:17,,,,,,,,,,,0:00:05,,,,,"[D, K]"
Feb-26,Sacramento,1:12:57,1:25:38,1:01:07,,1:22:43,1:18:14,1:01:19,1:12:58,,1:29:46,,0:46:15,,,,0:19:25,1:02:45,,,1:15:37,,"[B, C, D, G, K, L]"
Feb-26,San Bernardino,0:35:42,0:30:52,,,0:36:22,0:35:11,0:00:05,0:18:03,,,,0:24:00,,,,0:41:05,0:38:29,,,0:25:57,,"[B, D, G, K]"
Feb-26,San Diego,0:02:14,,,,,0:02:21,,,,,,,,,,,0:01:56,,,,,"[C, K]"
Feb-26,San Francisco,0:01:04,0:00:42,,0:00:05,0:00:43,0:00:58,0:00:07,0:02:14,,,,0:00:15,0:00:17,,,0:02:11,0:01:39,,,0:02:15,,"[D, K]"
Feb-26,San Joaquin,0:00:29,,,,,0:00:34,,,,,,,,,,,0:00:09,,,,,"[D, K]"
Feb-26,San Luis Obispo,0:02:40,,,,,0:02:36,,,,,,,,,,,0:02:57,,,,,"[C, D, K]"
Feb-26,San Mateo,0:37:52,0:49:59,0:21:27,,0:34:56,0:37:51,0:33:43,0:32:48,,,,0:45:46,,,,0:40:55,0:38:10,,,0:14:49,0:27:38,"[D, G, K, L]"
Feb-26,Santa Barbara,1:09:09,,,,0:31:59,1:05:09,,,,,,,,,,,1:13:42,,,,,"[D, G, K, L]"
Feb-26,Santa Clara,0:12:58,0:03:24,,,0:09:58,0:12:57,0:14:02,0:11:05,,,,0:08:41,,,,0:12:26,0:13:18,,,0:12:24,0:06:20,"[D, G, H, K]"
Feb-26,Santa Cruz,0:34:09,,,,0:20:26,0:35:26,,,,,,,,,,,0:31:10,,,,,"[B, C, D, G, H, K, P]"
Feb-26,Shasta,1:02:45,,,,1:11:06,1:02:46,,,,,,,,,,0:30:11,1:02:44,,,,,"[D, K]"
Feb-26,Solano,0:28:27,,,,0:24:05,0:24:42,,0:16:12,,,,,,,,0:03:20,0:40:51,,,0:23:28,,"[C, D, G, K, L, P]"
Feb-26,Sonoma,0:25:00,,,0:28:03,0:01:17,0:21:40,,,,,,,,,,,0:31:26,,,0:25:27,,[L]
Feb-26,Stanislaus,0:46:12,,,,0:37:34,0:47:52,0:25:44,,,,,,,,,0:18:51,0:41:50,,,,0:00:02,"[B, G, H, K, L]"
Feb-26,Sutter,0:12:25,,,,,0:11:59,,,,,,,,,,,0:14:06,,,,,"[B, D, K, L]"
Feb-26,Tulare,2:03:45,,,0:03:35,0:34:36,2:35:48,,3:47:11,,,,0:00:17,,,,,0:40:27,,,0:27:20,,"[C, D, G, H, K, L]"
Feb-26,Ventura,0:40:49,,,,0:46:01,0:39:27,1:37:57,0:19:43,,,,0:41:24,,,,1:07:53,0:43:13,,,0:39:38,,"[C, D, G, K]"
Feb-26,Yolo,0:21:45,,,,0:17:13,0:21:13,0:14:07,,,,,0:26:28,,,,0:22:42,0:25:27,,,1:01:10,,"[C, K, L]"
Feb-26,Yuba,0:18:54,,,,0:07:47,0:19:27,,,,0:10:34,,,,,,,0:16:21,,,,,"[D, K]"
Mar-26,Alameda,0:24:34,0:35:45,,,0:21:05,0:24:55,0:08:08,0:09:56,,,,0:21:59,,,,0:31:07,0:23:46,,,0:22:42,0:03:19,"[C, D,G, K]"
Mar-26,Butte,0:28:15,,,,,0:29:36,,,,,,,,,,,0:10:30,,,,,"[D, K]"
Mar-26,Contra Costa,0:55:44,1:11:14,,2:17:27,1:03:20,0:50:47,1:02:28,0:45:20,,,,0:35:33,1:30:11,,,0:35:29,1:07:57,,,0:49:39,1:15:02,"[C, D,G, K]"
Mar-26,Fresno,0:32:27,0:47:17,1:14:30,,0:31:49,0:31:31,,,,0:23:11,,0:22:49,,,,0:17:38,0:35:32,,,0:30:22,,"[D, K, L]"
Mar-26,Humboldt,0:42:32,,,,0:00:11,0:42:36,,0:33:25,,,,,,,,0:00:42,0:41:00,,,0:13:24,,"[C, D, G, K, L, N, P]"
Mar-26,Kern,1:02:18,,,,,1:03:50,,,,,,,,,,,0:59:05,,,,,"[D, K]"
Mar-26,Kings,0:14:44,,,,,0:13:55,,0:21:19,,,,,,,,,0:16:55,,,0:04:12,,"[D, K]"
Mar-26,Los Angeles,0:44:55,,0:47:53,0:55:51,0:50:38,0:27:47,0:48:12,0:51:04,,,,0:51:57,,,,0:49:02,0:29:41,,,0:52:53,,"[B, D, G, K, L, P]"
Mar-26,Marin,0:09:18,,,,,0:09:09,,,,,,,,,,0:05:23,0:09:38,,,,,"[D, K]"
Mar-26,Merced,0:09:22,,,,,0:13:46,,,,,,,,,,,0:00:04,,,,,"[D, K]"
Mar-26,Monterey,0:51:23,0:14:07,,,0:18:22,0:50:57,,,,,,,,,,0:31:02,0:51:57,,,,,"[D, G, K, L]"
Mar-26,Napa,0:03:38,,,,,0:03:37,,,,,,,,,,,0:03:42,,,,,"[C, D, G, P]"
Mar-26,Orange,1:22:05,0:30:59,,0:12:20,0:40:12,1:20:10,0:10:41,1:15:21,,,,0:38:39,,,,0:51:35,1:32:21,,,0:40:29,0:00:09,"[D, G, K, L]"
Mar-26,Placer,0:14:10,0:46:55,,,0:02:00,0:13:57,0:06:19,,,,,,,,,0:24:29,0:15:07,,,,,"[D, K]"
Mar-26,Riverside,0:00:05,,0:00:08,,0:00:04,0:00:05,,,,,,0:00:04,,,,,0:00:04,,,,,"[D, K]"
Mar-26,Sacramento,1:06:38,1:03:37,1:12:55,,1:03:57,1:14:23,1:17:29,1:06:29,,1:19:06,,1:25:30,,,,0:14:45,0:45:50,,,1:21:28,0:20:57,"[B, C, D, G, K, L]"
Mar-26,San Bernardino,0:37:27,0:24:18,,,0:35:36,0:36:47,,0:53:00,,,,0:33:11,,,,0:29:30,0:41:09,,,0:37:56,0:38:53,"[B, D, G, K]"
Mar-26,San Diego,0:01:03,,,,,0:01:05,,,,,,,,,,,0:00:58,,,,,"[C, K]"
Mar-26,San Francisco,0:01:12,0:00:28,,,0:00:50,0:01:07,,0:02:45,,,,0:00:09,0:01:10,,,0:02:37,0:01:43,,,0:02:29,0:00:29,"[D, K]"
Mar-26,San Joaquin,0:00:29,,,,,0:00:36,,,,,,,,,,,0:00:11,,,,,"[D, K]"
Mar-26,San Luis Obispo,0:02:15,,,,0:03:49,0:02:09,,,,,,,,,,,0:02:38,,,,,"[C, D, K]"
Mar-26,San Mateo,0:35:36,0:39:24,,,0:29:16,0:35:47,0:00:15,0:33:42,,,,0:34:52,0:24:38,,,0:36:18,0:35:43,,,,0:35:37,"[D, G, K, L]"
Mar-26,Santa Barbara,1:07:58,,,,0:29:35,1:03:42,,0:25:43,,,,,,,,,1:13:12,,,,,"[D, G, K, L]"
Mar-26,Santa Clara,0:10:12,0:23:29,0:08:29,,0:08:40,0:10:23,0:02:51,0:09:48,,,,0:05:21,,,,0:08:42,0:10:08,,,0:09:19,0:08:28,"[D, G, H, K]"
Mar-26,Santa Cruz,0:35:14,,,,0:22:38,0:35:47,,,,,,,,,,,0:33:56,,,,,"[B, C, D, G, H, K, P]"
Mar-26,Shasta,0:51:08,,,,0:40:56,0:51:08,,,,,,,,,,0:03:50,0:53:29,,,,0:00:10,"[D, K]"
Mar-26,Solano,0:32:44,,,,0:00:13,0:29:19,,0:21:13,,,,,,,,0:20:27,0:45:19,,,0:19:22,,"[C, D, G, K, L, P]"
Mar-26,Sonoma,0:15:59,0:04:37,,0:06:29,,0:13:59,0:17:53,0:03:27,,,,,,,,,0:20:40,,,0:11:18,,[L]
Mar-26,Stanislaus,0:44:23,,,,1:00:11,0:45:39,0:40:02,0:07:57,,,,,,,,1:00:03,0:40:54,,,0:21:56,,"[B, G, H, K, L]"
Mar-26,Sutter,0:17:23,,,,,0:17:37,,,,,,,,,,,0:16:32,,,,,"[B, D, K, L]"
Mar-26,Tulare,1:50:53,,,,0:42:10,2:24:15,0:53:13,,,,,,,,,,0:33:09,,,1:33:51,,"[C, D, G, H, K, L]"
Mar-26,Ventura,0:33:39,0:09:20,,,0:39:41,0:37:06,0:30:51,1:10:33,,,,0:28:40,,,,0:36:52,0:26:55,,,0:18:58,,"[C, D, G, K]"
Mar-26,Yolo,0:23:41,0:16:05,,,0:40:20,0:23:14,0:10:13,0:00:15,,,,0:14:39,,,,0:23:18,0:26:24,,,0:16:24,,"[C, K, L]"
Mar-26,Yuba,0:27:13,,,,,0:27:39,,,,0:29:28,,,,,,,0:25:06,,,,,"[D, K]"
Apr-26,Alameda,0:25:41,0:24:08,,,0:24:04,0:25:58,0:19:08,0:18:41,,,,0:17:13,,,,0:23:45,0:24:49,,,0:22:38,,"[C, D,G, K]"
Apr-26,Butte,0:23:13,,,,,0:24:30,,,,,,,,,,0:17:55,0:09:02,,,,,"[D, K]"
Apr-26,Contra Costa,0:48:28,1:28:12,,0:18:50,0:47:40,0:44:28,0:11:58,0:23:57,,,,0:47:46,1:42:51,,,0:44:10,0:59:29,,,0:57:20,1:01:53,"[C, D,G, K]"
Apr-26,Fresno,0:33:12,0:55:44,0:33:46,0:15:51,0:17:26,0:32:06,0:20:00,0:29:43,,0:33:46,,,,,,0:34:49,0:36:57,,,0:17:56,,"[D, K, L]"
Apr-26,Humboldt,0:43:59,,,0:51:40,0:00:05,0:43:57,,,,,,,,,,0:08:01,0:45:51,,,,1:33:25,"[C, D, G, K, L, N, P]"
Apr-26,Kern,1:02:09,,,,,1:03:08,,,,,,,,,,,1:00:01,,,,,"D, K"
Apr-26,Kings,0:13:02,,,,,0:12:21,,,,,,,,,,,0:15:08,,,,,"D, K"
Apr-26,Los Angeles,0:42:01,,0:48:27,1:01:37,0:45:49,0:23:51,0:49:35,0:51:14,,,,0:43:02,,,,0:49:45,0:27:41,,,0:55:11,,"[B, D, G, K, L, P]"
Apr-26,Marin,0:11:31,,,,0:05:11,0:11:14,,,,,,,,,,0:00:07,0:12:05,,,,,"[D, K]"
Apr-26,Merced,0:00:50,,,,,0:00:55,,,,,,,,,,,0:00:33,,,,,"[D, K]"
Apr-26,Monterey,1:05:13,,,,0:51:41,1:04:02,,,,,,,,,,,1:06:28,,,,,"[D, G, K, L]"
Apr-26,Napa,0:03:33,,,,,0:03:35,,,,,,,,,,,0:03:26,,,,,"[C, D, G, P]"
Apr-26,Orange,1:17:54,0:38:23,,0:00:08,0:37:05,1:19:08,0:07:50,1:02:15,,0:07:07,,0:38:52,,,,0:59:43,1:19:25,,,0:38:32,,"[D, G, K, L]"
Apr-26,Placer,0:06:59,,,,0:15:00,0:06:43,0:00:11,,,,,0:11:40,,,,0:11:00,0:09:12,,,,,"[D, K]"
Apr-26,Riverside,0:00:05,,,,0:00:03,0:00:05,,,,,,0:00:04,,,,,0:00:04,,,,,"[D, K]"
Apr-26,Sacramento,0:55:12,1:01:36,0:53:41,,0:57:53,1:00:52,0:57:57,0:47:35,,0:56:16,,0:25:41,,,,0:18:32,0:39:08,,,0:59:31,,"[B, C, D, G, K, L]"
Apr-26,San Bernardino,0:35:40,0:29:17,,,0:35:39,0:35:19,,0:04:57,,,,0:29:35,,,,0:45:55,0:37:25,,,0:36:48,,"[B, D, G, K]"
Apr-26,San Diego,0:01:07,,,,,0:01:10,,,,,,,,,,,0:01:02,,,,,"[C, K]"
Apr-26,San Francisco,0:00:55,0:04:46,,,0:00:41,0:00:49,0:00:11,0:02:41,,,,0:00:21,,,,0:02:04,0:01:28,,,0:02:03,0:00:13,"[D, K]"
Apr-26,San Joaquin,0:00:15,,,,,0:00:11,,,,,,,,,,,0:00:22,,,,,"[D, K]"
Apr-26,San Luis Obispo,0:02:25,,,,0:04:27,0:02:14,,,,,,,,,,,0:03:10,,,,0:01:28,"[C, D, K]"
Apr-26,San Mateo,0:38:09,0:35:59,,,0:32:57,0:37:54,,0:27:33,,,,0:31:58,0:04:33,,,0:38:09,0:39:10,,,0:58:36,0:46:47,"[D, G, K, L]"
Apr-26,Santa Barbara,1:08:57,0:19:24,,,,1:03:22,,0:37:16,,,,,,,,1:31:02,1:16:20,,,,,"[D, G, K, L]"
Apr-26,Santa Clara,0:09:38,0:07:54,,0:24:06,0:09:16,0:09:36,0:11:45,0:07:53,,,,0:08:31,,,,0:10:28,0:09:40,,,0:09:52,0:20:48,"[D, G, H, K]"
Apr-26,Santa Cruz,0:35:41,,,,,0:36:46,,,,,,,,,,,0:33:04,,,0:00:03,,"[B, C, D, G, H, K, P]"
Apr-26,Shasta,0:43:10,,,,0:01:01,0:43:15,,,,,,,,,,,0:41:14,,,,0:07:13,"[D, K]"
Apr-26,Solano,0:35:16,0:01:08,,,,0:32:00,0:04:43,0:17:56,,,,0:02:59,,,,,0:47:38,,,0:14:00,0:17:06,"[C, D, G, K, L, P]"
Apr-26,Sonoma,0:11:19,0:00:06,,,,0:09:30,,0:06:53,,,,,,,,,0:16:17,,,0:17:09,,[L]
Apr-26,Stanislaus,0:46:38,,,,0:00:17,0:48:03,0:23:32,,,,,,,,,,0:42:13,,,0:48:22,,"[B, G, H, K, L]"
Apr-26,Sutter,0:15:31,,,,,0:15:35,,,,,,,,,,,0:15:14,,,,,"[B, D, K, L]"
Apr-26,Tulare,1:52:43,,,,2:21:13,2:19:01,,,,,,,,,,,0:44:45,,,0:01:46,,"[C, D, G, H, K, L]"
Apr-26,Ventura,0:27:45,0:18:47,,,0:30:34,0:30:43,0:02:24,0:52:40,,,,0:45:34,,,,0:34:03,0:21:31,,,0:22:50,,"[C, D, G, K]"
Apr-26,Yolo,0:17:28,,,,0:30:24,0:16:53,0:02:58,,,,,,,,,0:15:20,0:21:02,,,0:21:19,,"[C, D, K, L]"
Apr-26,Yuba,0:22:44,,,,0:01:21,0:22:53,,,,0:28:25,,,,,,,0:22:01,,,,,"[D, K]"
May-26,Alameda,0:29:32,0:34:17,0:10:51,0:26:38,0:29:19,0:30:04,0:09:18,0:16:47,,,,0:26:27,0:03:30,,,0:53:27,0:27:17,,,0:24:08,,"[C, D,G, K]"
May-26,Butte,0:16:10,,,,,0:16:34,,,,,,,,,,0:02:38,0:10:19,,,,,"[D, K]"
May-26,Contra Costa,0:49:28,0:19:17,,2:08:22,0:46:03,0:45:34,0:24:01,0:26:37,,,,0:12:24,,,,1:05:16,1:00:22,,,0:47:20,0:55:07,"[C, D,G, K]"
May-26,Fresno,0:34:07,1:19:50,0:06:55,,0:25:02,0:32:49,1:03:58,0:04:10,,0:26:18,,,,,,0:48:30,0:38:38,,,0:23:17,,"[D, K, L]"
May-26,Humboldt,0:43:56,,,,,0:43:50,,,,,,,,,,0:37:12,0:47:20,,,,,"[C, D, G, K, L, N, P]"
May-26,Kern,1:06:35,,,,,1:08:47,,,,,,,,,,,1:02:02,,,,,"D, K"
May-26,Kings,0:15:58,,,,,0:15:12,,,,,,,,,,,0:18:04,,,,,"D, K"
May-26,Los Angeles,0:36:01,,0:41:01,0:39:34,0:37:50,0:21:45,0:45:29,0:44:52,,,,0:41:54,,,,0:40:18,0:24:50,,,0:49:27,,"[B, D, G, K, L, P]"
May-26,Marin,0:09:19,,,,,0:08:41,,,,,,,,,,0:00:22,0:10:41,,,,0:00:11,"[D, K]"
May-26,Merced,0:01:16,,,,,0:01:04,,,,,,,,,,,0:02:07,,,,,"[D, K]"
May-26,Monterey,1:06:36,,,,0:31:55,1:06:03,0:00:03,,,,,,1:59:06,,,1:31:51,1:07:13,,,,,"[D, G, K, L]"
May-26,Napa,0:03:10,,,,,0:03:12,,,,,,,,,,,0:03:02,,,,,"[C, D, G, P]"
May-26,Orange,1:04:26,0:15:04,,,0:26:51,1:05:45,0:07:14,1:14:28,,,,0:31:10,,,,0:55:51,1:04:13,,,0:29:16,,"[D, G, K, L]"
May-26,Placer,0:09:43,,,,0:16:59,0:09:27,0:04:26,,,,,,,,,0:12:56,0:12:30,,,,,"[D, K]"
May-26,Riverside,0:00:23,,,,0:00:04,0:00:26,,,,,,,,,,,0:00:04,,,,,"[D, K]"
May-26,Sacramento,0:55:38,1:06:25,1:02:11,,1:08:19,1:02:17,0:53:22,0:09:31,,1:25:13,,0:46:24,,,,0:16:41,0:35:42,,,1:05:32,,"[B, C, D, G, K, L]"
May-26,San Bernardino,0:39:00,0:43:38,,0:13:56,0:38:17,0:38:23,,0:19:07,,,,0:35:37,,,,0:55:49,0:42:15,,,0:39:03,,"[B, D, G, K]"
May-26,San Diego,0:01:24,,,,,0:01:28,,,,,,,,,,,0:01:15,,,,,"[C, K]"
May-26,San Francisco,0:00:28,0:00:10,0:00:07,,0:00:21,0:00:21,0:00:15,0:02:31,,,,0:00:09,0:03:43,,,0:02:24,0:00:59,,,0:01:57,0:00:25,"[D, K]"
May-26,San Joaquin,0:00:16,,,,,0:00:13,,0:00:23,,,,0:00:03,,,,,0:00:28,,,,,"[D, K]"
May-26,San Luis Obispo,0:01:46,,,,0:00:10,0:01:43,,,,,,,,,,,0:01:57,,,,,"[C, D, K]"
May-26,San Mateo,0:29:37,0:36:07,,,0:30:26,0:29:28,0:12:48,0:25:52,,,,0:34:02,,,,0:22:15,0:29:57,,,0:41:46,0:21:32,"[D, G, K, L]"
May-26,Santa Barbara,1:04:55,,,,0:17:44,0:59:40,,,,,,,,,,,1:12:01,,,0:18:32,,"[D, G, K, L]"
May-26,Santa Clara,0:03:08,0:00:11,,,0:03:25,0:03:20,0:03:01,0:02:43,,,,0:02:46,,,,0:03:52,0:02:44,,,0:02:45,0:01:15,"[D, G, H, K]"
May-26,Santa Cruz,0:26:20,,,,0:51:41,0:26:48,,,,,,,,,,,0:25:06,,,,,"[B, C, D, G, H, K, P]"
May-26,Shasta,0:43:14,0:00:03,0:56:04,,0:18:29,0:43:40,,,,,,,0:00:03,,,0:05:28,0:24:17,,,0:00:08,,"[D, K]"
May-26,Solano,0:43:55,,,,2:23:09,0:41:46,,0:26:10,,,,0:00:29,,,,,0:51:15,,,4:17:03,0:47:22,"[C, D, G, K, L, P]"
May-26,Sonoma,0:06:03,,,,0:04:25,0:05:16,,,,,,,,,,,0:08:36,,,0:02:24,,[L]
May-26,Stanislaus,0:46:08,,1:40:06,,1:19:36,0:48:26,0:00:01,1:11:02,,,,,,,,0:06:34,0:39:30,,,0:33:59,0:00:04,"[B, G, H, K, L]"
May-26,Sutter,0:10:27,,,,,0:10:02,,,,,,,,,,,0:12:29,,,,,"[B, D, K, L]"
May-26,Tulare,1:47:12,,,,2:35:19,2:11:14,,,,,,,,,,,0:46:10,,,,,"[C, D, G, H, K, L]"
May-26,Ventura,0:21:52,,,,0:32:16,0:20:48,0:12:11,0:00:06,,,,,,,,0:30:30,0:24:27,,,0:07:37,0:34:04,"[C, D, G, K]"
May-26,Yolo,0:13:26,,,,0:04:05,0:12:45,0:05:04,,,,,0:02:45,,,,0:14:07,0:17:39,,,0:12:48,,"[C, D, K, L]"
May-26,Yuba,0:32:29,,,,,0:33:06,,,,,,,,,,,0:28:36,,,,,"[D, K]"
Jun-26,Alameda,0:29:31,0:21:47,0:20:19,0:29:04,0:25:42,0:29:58,0:09:34,0:21:12,,,,0:22:38,,,,0:33:23,0:28:11,,,0:24:22,,"[C, D,G, K]"
Jun-26,Butte,0:18:16,,,,,0:19:00,,,,,,,,,,,0:07:39,,,,,"[D, K]"
Jun-26,Contra Costa,0:50:24,0:33:07,,,0:51:23,0:46:09,0:42:04,0:42:58,,,,0:35:00,0:05:24,,,0:37:14,1:02:06,,,0:42:09,1:13:54,"[C, D,G, K]"
Jun-26,Fresno,0:39:25,0:38:49,1:00:08,,0:39:08,0:37:47,,,,0:31:47,,0:54:39,1:40:11,,,,0:44:58,,,0:39:24,,"[D, K, L]"
Jun-26,Humboldt,0:34:04,,,,,0:33:59,,,,,,,,,,,0:37:15,,,0:21:29,,"[C, D, G, K, L, N, P]"
Jun-26,Kern,1:04:09,,,,,1:04:25,,,,,,,,,,,1:03:34,,,,,"D, K"
Jun-26,Kings,0:18:58,,,,,0:18:22,,,,,,,,,,,0:20:56,,,,,"D, K"
Jun-26,Los Angeles,0:41:01,,0:48:01,0:41:31,0:44:00,0:27:05,0:47:46,0:58:27,,,,0:50:04,,,,0:45:28,0:27:28,,,0:49:38,,"[B, D, G, K, L, P]"
Jun-26,Marin,0:12:28,,,,0:18:10,0:12:18,,,,,,,,,,,0:12:49,,,,,"[D, K]"
Jun-26,Merced,0:02:43,,,,,0:01:57,,,,,,,,,,,0:06:15,,,,,"[D, K]"
Jun-26,Monterey,1:02:16,1:01:41,,,,1:00:26,,,,,,,,,,,1:04:28,,,,,"[D, G, K, L]"
Jun-26,Napa,0:03:30,,,,,0:03:32,,,,,,,,,,,0:03:24,,,,,"[C, D, G, P]"
Jun-26,Orange,0:57:11,0:06:43,,,0:35:12,0:57:52,0:07:53,0:00:45,,,,0:28:42,,,,0:41:13,0:57:57,,,0:25:27,,"[D, G, K, L]"
Jun-26,Placer,0:10:29,,,,,0:10:18,,,,,,0:23:42,,,,0:16:42,0:11:20,,,,,"[D, K]"
Jun-26,Riverside,0:00:10,,,,0:00:03,0:00:09,,,,,,,,,,,0:00:17,,,,,"[D, K]"
Jun-26,Sacramento,1:00:31,1:01:56,0:37:14,,1:14:45,1:08:44,1:05:36,0:58:55,,0:56:08,,1:48:32,,,,0:21:06,0:36:39,,,1:07:10,1:18:27,"[B, C, D, G, K, L]"
Jun-26,San Bernardino,0:35:28,0:50:41,,,0:34:56,0:35:02,,0:19:38,,,,0:39:07,,,,0:34:41,0:37:47,,,0:25:37,,"[B, D, G, K]"
Jun-26,San Diego,0:01:26,,,,,0:01:30,,,,,,,,,,,0:01:15,,,,,"[C, K]"
Jun-26,San Francisco,0:00:35,0:00:09,,,0:00:35,0:00:29,,0:01:39,,,,0:00:13,0:00:17,,,0:02:00,0:00:56,,,0:02:36,,"[D, K]"
Jun-26,San Joaquin,0:00:11,,,,,0:00:11,,,,,,,,,,,0:00:14,,,0:00:03,,"[D, K]"
Jun-26,San Luis Obispo,0:01:47,,,,,0:01:35,,,,,,,,,,,0:02:36,,,,,"[C, D, K]"
Jun-26,San Mateo,0:32:47,0:29:21,,,0:28:47,0:32:33,,0:35:20,,,,0:34:14,0:00:05,,,0:24:56,0:33:29,,,0:28:54,0:50:52,"[D, G, K, L]"
Jun-26,Santa Barbara,1:08:21,,,,0:26:39,1:05:13,,1:28:26,,,,,,,,,1:12:29,,,,,"[D, G, K, L]"
Jun-26,Santa Clara,0:04:57,,,,0:04:17,0:05:10,0:02:33,0:03:47,,,,0:03:58,,,,0:03:54,0:04:39,,,0:04:35,,"[D, G, H, K]"
Jun-26,Santa Cruz,0:27:09,,,,0:43:42,0:27:45,,,,,,,,,,,0:25:28,,,,,"[B, C, D, G, H, K, P]"
Jun-26,Shasta,0:48:01,,,,0:50:44,0:48:24,,,,,,,,,,,0:28:41,,,,,"[D, K]"
Jun-26,Solano,0:12:17,,,,0:36:19,0:12:59,,0:08:39,,,,,,,,,0:09:44,,,0:14:50,0:21:27,"[C, D, G, K, L, P]"
Jun-26,Sonoma,0:04:47,,,,,0:04:21,,0:00:13,,,,,,,,,0:06:12,,,0:04:06,,[L]
Jun-26,Stanislaus,0:54:36,0:40:59,,2:04:21,0:54:17,0:57:22,0:16:36,,,,,,,,,,0:46:53,,,0:05:51,,"[B, G, H, K, L]"
Jun-26,Sutter,0:08:16,,,,,0:07:53,,,,,,,,,,,0:10:10,,,,,"[B, D, K, L]"
Jun-26,Tulare,1:57:38,0:07:05,,,,2:13:36,,,,,,,,,,,1:17:15,,,,,"[C, D, G, H, K, L]"
Jun-26,Ventura,0:25:52,0:21:10,,,0:16:18,0:22:36,0:10:21,0:19:14,,,,0:56:22,,,,0:22:34,0:33:24,,,0:10:16,,"[C, D, G, K]"
Jun-26,Yolo,0:16:59,,,,0:26:23,0:16:19,0:03:10,,,,,,,,,0:15:39,0:21:07,,,0:26:18,,"[C, D, K, L]"
Jun-26,Yuba,0:25:40,,,,0:33:45,0:25:55,,,,,,,,,,,0:24:09,,,,,"[D, K]"
