,SB 1289 Measure 1. Total Call Volume,,,,
Reporting Period,County Name,Number of Calls Received During Working Hours,Number of Calls Received After Working Hours,Total Number of Calls Received,Footnotes
Jan-26,Alameda,"54,960","3,658","58,618",[C]
Jan-26,Butte,"12,545","1,004","13,549",[C]
Jan-26,Contra Costa,"74,205","10,089","84,294","[C, O]"
Jan-26,Fresno,"88,179","26,237","114,416",Blank
Jan-26,Humboldt,"9,373",848,"10,221","[C, G, L, N, P]"
Jan-26,Kern,"64,431","8,140","72,571",[C]
Jan-26,Kings,"12,225","1,791","14,016",[C]
Jan-26,Los Angeles,"181,180",Blank,"181,180","[B, G, L, P]"
Jan-26,Marin,"5,157","1,628","6,785",[C]
Jan-26,Merced,56,0,56,[Q]
Jan-26,Monterey,"26,331","3,648","29,979",[C]
Jan-26,Napa,"4,906",0,"4,906","[C, D, G, P]"
Jan-26,Orange,"161,997","11,575","173,572",[C]
Jan-26,Placer,"16,799","1,121","17,920",[C]
Jan-26,Riverside,178,0,178,[Q]
Jan-26,Sacramento,"141,541","19,785","161,326",[C]
Jan-26,San Bernardino,"157,140","10,239","167,379",[C]
Jan-26,San Diego,"183,736","14,618","198,354",[C]
Jan-26,San Francisco,"53,028","4,585","57,613",[C]
Jan-26,San Joaquin,81,0,81,[Q]
Jan-26,San Luis Obispo,"3,583",203,"3,786",[C]
Jan-26,San Mateo,"28,624","2,350","30,974",[C]
Jan-26,Santa Barbara,"29,494","3,684","33,178",[C]
Jan-26,Santa Clara,"65,106","6,869","71,975",[D]
Jan-26,Santa Cruz,"15,110","2,135","17,245","[C, G, P]"
Jan-26,Shasta,"12,534","2,793","15,327","[C, G, P]"
Jan-26,Solano,"21,967","1,525","23,492","[C, G, L]"
Jan-26,Sonoma,"19,093","5,661","24,754",[C]
Jan-26,Stanislaus,"37,437","3,079","40,516",[C]
Jan-26,Sutter,"7,562",620,"8,182",[B]
Jan-26,Tulare,"45,551","7,587","53,138","[C, G, P]"
Jan-26,Ventura,"46,102","3,915","50,017",[C]
Jan-26,Yolo,"10,589","1,274","11,863",[C]
Jan-26,Yuba,"7,411",354,"7,765",[C]
Feb-26,Alameda,"42,612","4,652","47,264",[C]
Feb-26,Butte,"10,309",810,"11,119",[C]
Feb-26,Contra Costa,"61,653","8,173","69,826","[C, O]"
Feb-26,Fresno,"75,700","23,567","99,267",Blank
Feb-26,Humboldt,"8,130",966,"9,096","[C, G, L, N, P]"
Feb-26,Kern,"57,763","7,288","65,051",[C]
Feb-26,Kings,"9,662","1,352","11,014",[C]
Feb-26,Los Angeles,"164,048",Blank,"164,048","[B, G, L, P]"
Feb-26,Marin,"4,488","1,493","5,981",[C]
Feb-26,Merced,41,0,41,[Q]
Feb-26,Monterey,"20,202","2,813","23,015",[C]
Feb-26,Napa,"4,301",0,"4,301","[C, D, G, P]"
Feb-26,Orange,"145,138","15,286","160,424",[C]
Feb-26,Placer,"12,878","1,934","14,812",[C]
Feb-26,Riverside,143,0,143,[Q]
Feb-26,Sacramento,"116,317","21,741","138,058",[C]
Feb-26,San Bernardino,"136,625","9,380","146,005",[C]
Feb-26,San Diego,"172,155","9,507","181,662",[C]
Feb-26,San Francisco,"44,425","3,839","48,264",[C]
Feb-26,San Joaquin,62,0,62,[Q]
Feb-26,San Luis Obispo,"3,504",357,"3,861",[C]
Feb-26,San Mateo,"26,088","2,426","28,514",[C]
Feb-26,Santa Barbara,"25,573","3,132","28,705",[C]
Feb-26,Santa Clara,"56,577","5,919","62,496",[D]
Feb-26,Santa Cruz,"13,298","1,830","15,128","[C, G, P]"
Feb-26,Shasta,"10,355","2,591","12,946","[C, G, P]"
Feb-26,Solano,"16,840","1,874","18,714","[C, G, L]"
Feb-26,Sonoma,"19,588","5,331","24,919",[C]
Feb-26,Stanislaus,"31,489","2,438","33,927",[C]
Feb-26,Sutter,"6,394",555,"6,949",[B]
Feb-26,Tulare,"36,610","6,010","42,620","[C, G, P]"
Feb-26,Ventura,"37,620","3,259","40,879",[C]
Feb-26,Yolo,"9,195","1,049","10,244",[C]
Feb-26,Yuba,"5,618",272,"5,890",[C]
Mar-26,Alameda,"48,933","2,716","51,649",[C]
Mar-26,Butte,"10,254","1,118","11,372",[C]
Mar-26,Contra Costa,"67,228","8,670","75,898","[C, O]"
Mar-26,Fresno,"77,715","25,461","103,176",Blank
Mar-26,Humboldt,"8,545",936,"9,481","[C, G, L, N, P]"
Mar-26,Kern,"63,321","6,826","70,147",[C]
Mar-26,Kings,"10,001","1,083","11,084",[C]
Mar-26,Los Angeles,"181,607",Blank,"181,607","[B, G, L, P]"
Mar-26,Marin,"5,037","1,711","6,748",[C]
Mar-26,Merced,28,0,28,[Q]
Mar-26,Monterey,"22,841","4,289","27,130",[C]
Mar-26,Napa,"4,492",0,"4,492","[C, D, G, P]"
Mar-26,Orange,"155,537","10,149","165,686",[C]
Mar-26,Placer,"14,853",787,"15,640",[C]
Mar-26,Riverside,125,0,125,[Q]
Mar-26,Sacramento,"128,453","21,690","150,143",[C]
Mar-26,San Bernardino,"154,868","7,827","162,695",[C]
Mar-26,San Diego,"182,364","14,467","196,831",[C]
Mar-26,San Francisco,"48,341","3,218","51,559",[C]
Mar-26,San Joaquin,54,0,54,[Q]
Mar-26,San Luis Obispo,"3,703",159,"3,862",[C]
Mar-26,San Mateo,"28,676","3,457","32,133",[C]
Mar-26,Santa Barbara,"28,194","3,172","31,366",[C]
Mar-26,Santa Clara,"61,087","8,300","69,387",[D]
Mar-26,Santa Cruz,"15,211","2,610","17,821","[C, G, P]"
Mar-26,Shasta,"10,334","2,105","12,439","[C, G, P]"
Mar-26,Solano,"24,250","1,312","25,562","[C, G, L]"
Mar-26,Sonoma,"18,189","5,533","23,722",[C]
Mar-26,Stanislaus,"35,418","2,343","37,761",[C]
Mar-26,Sutter,"7,170",774,"7,944",[B]
Mar-26,Tulare,"36,226","5,635","41,861","[C, G, P]"
Mar-26,Ventura,"39,611","3,063","42,674",[C]
Mar-26,Yolo,"9,819","1,574","11,393",[C]
Mar-26,Yuba,"6,579",222,"6,801",[C]
Apr-26,Alameda,"43,681","2,424","46,105",[C]
Apr-26,Butte,"10,278",725,"11,003",[C]
Apr-26,Contra Costa,"57,981","7,646","65,627","[C, O]"
Apr-26,Fresno,"80,126","26,235","106,361",Blank
Apr-26,Humboldt,"8,903",505,"9,408","[C, G, L, N, P]"
Apr-26,Kern,"59,789","6,592","66,381",[C]
Apr-26,Kings,"9,543","1,079","10,622",[C]
Apr-26,Los Angeles,"201,749",0,"201,749","[B, G, L, P]"
Apr-26,Marin,"5,034","1,712","6,746",[C]
Apr-26,Merced,56,0,56,[Q]
Apr-26,Monterey,"23,937","3,272","27,209",[C]
Apr-26,Napa,"4,271",0,"4,271","[C, D, G, P]"
Apr-26,Orange,"131,742","9,349","141,091",[C]
Apr-26,Placer,"13,167",809,"13,976",[C]
Apr-26,Riverside,186,0,186,[Q]
Apr-26,Sacramento,"146,196","19,189","165,385",[C]
Apr-26,San Bernardino,"144,264","7,038","151,302",[C]
Apr-26,San Diego,"176,557","7,256","183,813",[C]
Apr-26,San Francisco,"45,543","2,981","48,524",[C]
Apr-26,San Joaquin,54,0,54,[Q]
Apr-26,San Luis Obispo,"2,980",129,"3,109",[C]
Apr-26,San Mateo,"29,196","2,080","31,276",[C]
Apr-26,Santa Barbara,"25,728","3,051","28,779",[C]
Apr-26,Santa Clara,"62,676","5,709","68,385",[D]
Apr-26,Santa Cruz,"15,292","1,993","17,285","[C, G, P]"
Apr-26,Shasta,"9,253","2,120","11,373","[C, G, P]"
Apr-26,Solano,"26,509","1,391","27,900","[C, G, L]"
Apr-26,Sonoma,"16,210","5,355","21,565",[C]
Apr-26,Stanislaus,"33,992","2,224","36,216",[C]
Apr-26,Sutter,"7,298",492,"7,790",[B]
Apr-26,Tulare,"35,474","5,218","40,692","[C, G, P]"
Apr-26,Ventura,"35,929","3,122","39,051",[C]
Apr-26,Yolo,"9,359",986,"10,345",[C]
Apr-26,Yuba,"6,054",243,"6,297",[C]
May-26,Alameda,"42,395","2,885","45,280",[C]
May-26,Butte,"8,156",701,"8,857",[C]
May-26,Contra Costa,"51,200","7,340","58,540","[C, O]"
May-26,Fresno,"69,739","22,835","92,574",Blank
May-26,Humboldt,"7,838",666,"8,504","[C, G, L, N, P]"
May-26,Kern,"55,913","7,091","63,004",[C]
May-26,Kings,"8,378","1,346","9,724",[C]
May-26,Los Angeles,"196,876",0,"196,876","[B, G, L, P]"
May-26,Marin,"4,388","1,448","5,836",[C]
May-26,Merced,35,0,35,[Q]
May-26,Monterey,"18,430","2,910","21,340",[C]
May-26,Napa,"3,597",0,"3,597","[C, D, G, P]"
May-26,Orange,"109,909","9,648","119,557",[C]
May-26,Placer,"12,342",895,"13,237",[C]
May-26,Riverside,182,0,182,[Q]
May-26,Sacramento,"118,350","16,946","135,296",[C]
May-26,San Bernardino,"127,833","8,140","135,973",[C]
May-26,San Diego,"156,215","8,468","164,683",[C]
May-26,San Francisco,"39,341","3,249","42,590",[C]
May-26,San Joaquin,60,0,60,[Q]
May-26,San Luis Obispo,"2,542",136,"2,678",[C]
May-26,San Mateo,"24,036","2,120","26,156",[C]
May-26,Santa Barbara,"22,246","2,924","25,170",[C]
May-26,Santa Clara,"51,509","5,462","56,971",[D]
May-26,Santa Cruz,"12,165","1,764","13,929","[C, G, P]"
May-26,Shasta,"7,972","1,929","9,901","[C, G, P]"
May-26,Solano,"21,988","1,474","23,462","[C, G, L]"
May-26,Sonoma,"11,912","4,521","16,433",[C]
May-26,Stanislaus,"29,606","2,972","32,578",[C]
May-26,Sutter,"6,066",554,"6,620",[B]
May-26,Tulare,"33,683","5,522","39,205","[C, G, P]"
May-26,Ventura,"26,803","2,962","29,765",[C]
May-26,Yolo,"7,368",875,"8,243",[C]
May-26,Yuba,"7,832",533,"8,365",[C]
Jun-26,Alameda,"49,220","3,312","52,532",[C]
Jun-26,Butte,"9,213",816,"10,029",[C]
Jun-26,Contra Costa,"55,052","8,442","63,494","[C, O]"
Jun-26,Fresno,"84,576","24,391","108,967",Blank
Jun-26,Humboldt,"8,064",675,"8,739","[C, G, L, N, P]"
Jun-26,Kern,"65,031","7,082","72,113",[C]
Jun-26,Kings,"10,236","1,008","11,244",[C]
Jun-26,Los Angeles,"220,028",,"220,028","[B, G, L, P]"
Jun-26,Marin,"4,845","1,594","6,439",[C]
Jun-26,Merced,56,,56,[Q]
Jun-26,Monterey,"17,689","2,830","20,519",[C]
Jun-26,Napa,"3,968",,"3,968","[C, D, G, P]"
Jun-26,Orange,"113,690","8,349","122,039",[C]
Jun-26,Placer,"13,096",705,"13,801",[C]
Jun-26,Riverside,185,,185,[Q]
Jun-26,Sacramento,"143,065","21,490","164,555",[C]
Jun-26,San Bernardino,"128,268","9,070","137,338",[C]
Jun-26,San Diego,"176,537","4,902","181,439",[C]
Jun-26,San Francisco,"42,219","3,478","45,697",[C]
Jun-26,San Joaquin,67,,67,[Q]
Jun-26,San Luis Obispo,"2,727",117,"2,844",[C]
Jun-26,San Mateo,"26,382","2,567","28,949",[C]
Jun-26,Santa Barbara,"23,515","3,371","26,886",[C]
Jun-26,Santa Clara,"56,751","6,196","62,947",[D]
Jun-26,Santa Cruz,"12,912","1,865","14,777","[C, G, P]"
Jun-26,Shasta,"9,679","1,925","11,604","[C, G, P]"
Jun-26,Solano,"18,565","1,174","19,739","[C, G, L]"
Jun-26,Sonoma,"12,953","4,234","17,187",[C]
Jun-26,Stanislaus,"35,426","3,020","38,446",[C]
Jun-26,Sutter,"6,160",547,"6,707",[B]
Jun-26,Tulare,"41,511","7,256","48,767","[C, G, P]"
Jun-26,Ventura,"29,580","3,049","32,629",[C]
Jun-26,Yolo,"8,136","1,029","9,165",[C]
Jun-26,Yuba,"8,210",448,"8,658",[C]
